date,time,well,sample,pot,leaf,population,pop.geno,elevation,rep,meas.week,treatment,treatment.levels,tmax,t50,tcrit,tcrit_se,max.tleaf,tsm
7/17/23,11:00,D1,49.1,49,1,CCR-COL,CCR152,72,13,1,predrought,predrought,51.3,49.28,47.92,0.07,44.62,3.3
7/17/23,11:00,D2,49.2,49,2,CCR-COL,CCR152,72,13,1,predrought,predrought,52.54,50.3,49.44,0.07,44.62,4.82
7/17/23,11:00,D3,49.3,49,3,CCR-COL,CCR152,72,13,1,predrought,predrought,51.54,49.53,48.44,0.09,44.62,3.82
7/17/23,11:00,D4,59.1,59,1,CCR-COL,CCR155,72,2,1,predrought,predrought,54.86,51.54,49.62,0.06,44.62,5
7/17/23,11:00,D5,59.2,59,2,CCR-COL,CCR155,72,2,1,predrought,predrought,56.11,52.05,50.23,0.06,44.62,5.61
7/17/23,11:00,D6,59.3,59,3,CCR-COL,CCR155,72,2,1,predrought,predrought,54.35,51.06,49.48,0.05,44.62,4.86
7/17/23,11:00,E4,63.1,63,1,CCR-COL,CCR5,72,5,1,predrought,predrought,52.54,50.81,49.85,0.05,44.62,5.23
7/17/23,11:00,E5,63.2,63,2,CCR-COL,CCR5,72,5,1,predrought,predrought,53.58,51.3,50.43,0.05,44.62,5.81
7/17/23,11:00,E6,63.3,63,3,CCR-COL,CCR5,72,5,1,predrought,predrought,53.33,51.06,50.44,0.04,44.62,5.82
7/17/23,14:00,F4,43.1,43,1,CCR-COL,CCR156,72,4,1,predrought,predrought,52.34,50.57,49.17,0.06,44.62,4.55
7/17/23,14:00,F5,43.2,43,2,CCR-COL,CCR156,72,4,1,predrought,predrought,53.11,50.82,49.46,0.07,44.62,4.84
7/17/23,14:00,F6,43.3,43,3,CCR-COL,CCR156,72,4,1,predrought,predrought,52.09,49.56,48.12,0.04,44.62,3.5
7/17/23,14:00,G1,46.1,46,1,CCR-COL,CCR149,72,3,1,predrought,predrought,52.59,50.31,48.88,0.08,44.62,4.26
7/17/23,14:00,G2,46.2,46,2,CCR-COL,CCR149,72,3,1,predrought,predrought,52.34,50.05,48.19,0.09,44.62,3.57
7/17/23,14:00,G3,46.3,46,3,CCR-COL,CCR149,72,3,1,predrought,predrought,52.85,50.31,48.91,0.06,44.62,4.29
7/18/23,8:00,D4,45.1,45,1,CCR-COL,CCR156,72,1,1,predrought,predrought,52.07,50.04,48.82,0.06,44.62,4.2
7/18/23,8:00,D5,45.2,45,2,CCR-COL,CCR156,72,1,1,predrought,predrought,52.07,50.04,48.62,0.06,44.62,4
7/18/23,8:00,D6,45.3,45,3,CCR-COL,CCR156,72,1,1,predrought,predrought,52.07,49.03,45.61,0.21,44.62,0.99
7/18/23,8:00,E1,47.1,47,1,CCR-COL,CCR149,72,4,1,predrought,predrought,52.57,49.53,48.2,0.05,44.62,3.58
7/18/23,8:00,E2,47.2,47,2,CCR-COL,CCR149,72,4,1,predrought,predrought,52.07,49.28,48.19,0.05,44.62,3.57
7/18/23,8:00,E3,47.3,47,3,CCR-COL,CCR149,72,4,1,predrought,predrought,54.33,51.06,49.12,0.07,44.62,4.5
7/18/23,8:00,F1,58.1,58,1,CCR-COL,CCR155,72,1,1,predrought,predrought,52.07,50.04,48.39,0.06,44.62,3.77
7/18/23,8:00,F2,58.2,58,2,CCR-COL,CCR155,72,1,1,predrought,predrought,50.81,47.49,46.83,0.06,44.62,2.21
7/18/23,8:00,F3,58.3,58,3,CCR-COL,CCR155,72,1,1,predrought,predrought,53.33,51.06,49.16,0.05,44.62,4.54
7/18/23,8:00,G1,60.1,60,1,CCR-COL,CCR155,72,3,1,predrought,predrought,54.86,51.55,50.15,0.06,44.62,5.53
7/18/23,8:00,G2,60.2,60,2,CCR-COL,CCR155,72,3,1,predrought,predrought,53.08,50.81,48.89,0.06,44.62,4.27
7/18/23,8:00,G3,60.3,60,3,CCR-COL,CCR155,72,3,1,predrought,predrought,53.82,50.81,49,0.05,44.62,4.38
7/18/23,8:00,H4,85.1,85,1,CCR-COL,CCR5,72,3,1,predrought,predrought,54.08,49.28,43.73,0.3,44.62,-0.89
7/18/23,8:00,H5,85.2,85,2,CCR-COL,CCR5,72,3,1,predrought,predrought,54.08,50.55,49.18,0.05,44.62,4.56
7/18/23,8:00,H6,85.3,85,3,CCR-COL,CCR5,72,3,1,predrought,predrought,53.08,50.55,48.98,0.04,44.62,4.36
7/18/23,10:00,C1,48.1,48,1,CCR-COL,CCR149,72,5,1,predrought,predrought,52.83,49.03,47.84,0.05,44.62,3.22
7/18/23,10:00,C2,48.2,48,2,CCR-COL,CCR149,72,5,1,predrought,predrought,53.86,49.54,47.16,0.14,44.62,2.54
7/18/23,10:00,C3,48.3,48,3,CCR-COL,CCR149,72,5,1,predrought,predrought,55.38,51.06,49.68,0.05,44.62,5.06
7/18/23,10:00,C4,50.1,50,1,CCR-COL,CCR152,72,14,1,predrought,predrought,52.58,50.3,48.94,0.05,44.62,4.32
7/18/23,10:00,C5,50.2,50,2,CCR-COL,CCR152,72,14,1,predrought,predrought,52.83,49.79,48.17,0.04,44.62,3.55
7/18/23,10:00,C6,50.3,50,3,CCR-COL,CCR152,72,14,1,predrought,predrought,54.37,50.81,48.87,0.04,44.62,4.25
7/18/23,10:00,E4,61.1,61,1,CCR-COL,CCR5,72,2,1,predrought,predrought,54.11,51.31,49.44,0.1,44.62,4.82
7/18/23,10:00,E5,61.2,61,2,CCR-COL,CCR5,72,2,1,predrought,predrought,53.09,49.79,45.03,0.19,44.62,0.41
7/18/23,10:00,E6,61.3,61,3,CCR-COL,CCR5,72,2,1,predrought,predrought,53.61,51.56,49.73,0.12,44.62,5.11
7/18/23,12:00,D4,44.1,44,1,CCR-COL,CCR156,72,3,1,predrought,predrought,52.83,49.54,47.67,0.06,44.62,3.05
7/18/23,12:00,D5,44.2,44,2,CCR-COL,CCR156,72,3,1,predrought,predrought,53.33,50.04,48.11,0.05,44.62,3.49
7/18/23,12:00,D6,44.3,44,3,CCR-COL,CCR156,72,3,1,predrought,predrought,52.83,49.54,47.66,0.08,44.62,3.04
7/18/23,12:00,E4,51.1,51,1,CCR-COL,CCR152,72,15,1,predrought,predrought,54.35,50.81,49.07,0.06,44.62,4.45
7/18/23,12:00,E5,51.2,51,2,CCR-COL,CCR152,72,15,1,predrought,predrought,54.1,50.04,48.31,0.06,44.62,3.69
7/18/23,12:00,E6,51.3,51,3,CCR-COL,CCR152,72,15,1,predrought,predrought,54.35,50.29,48.65,0.06,44.62,4.03
8/28/23,18:00,A1,48.1,48,1,CCR-COL,CCR149,72,5,5,drought,drought.3,52.83,50.54,48.08,0.1,49.31,-1.23
8/28/23,18:00,A2,48.2,48,2,CCR-COL,CCR149,72,5,5,drought,drought.3,52.57,49.78,46.41,0.1,49.31,-2.9
8/28/23,18:00,A6,61.1,61,1,CCR-COL,CCR5,72,2,5,drought,drought.3,53.61,50.28,47.95,0.08,49.31,-1.36
8/28/23,18:00,B1,61.2,61,2,CCR-COL,CCR5,72,2,5,drought,drought.3,52.57,50.54,48.69,0.1,49.31,-0.62
8/28/23,18:00,B2,61.3,61,3,CCR-COL,CCR5,72,2,5,drought,drought.3,53.09,51.05,49.65,0.06,49.31,0.34
8/28/23,18:00,D1,50.1,50,1,CCR-COL,CCR152,72,14,5,drought,drought.3,52.83,50.79,47.97,0.1,49.31,-1.34
8/28/23,18:00,D2,50.2,50,2,CCR-COL,CCR152,72,14,5,drought,drought.3,51.81,49.28,47.4,0.07,49.31,-1.91
8/28/23,18:00,D3,50.3,50,3,CCR-COL,CCR152,72,14,5,drought,drought.3,50.54,48.27,46.62,0.06,49.31,-2.69
8/28/23,18:00,G6,60.1,60,1,CCR-COL,CCR155,72,3,5,drought,drought.3,53.35,50.28,48.89,0.07,49.31,-0.42
8/28/23,18:00,H3,85.1,85,1,CCR-COL,CCR5,72,3,5,drought,drought.3,52.32,49.78,46.96,0.15,49.31,-2.35
8/28/23,18:00,H4,58.1,58,1,CCR-COL,CCR155,72,1,5,drought,drought.3,52.83,50.54,48.41,0.15,49.31,-0.9
8/28/23,18:00,H5,58.2,58,2,CCR-COL,CCR155,72,1,5,drought,drought.3,52.07,50.03,48.2,0.06,49.31,-1.11
8/28/23,18:00,H6,58.3,58,3,CCR-COL,CCR155,72,1,5,drought,drought.3,52.32,50.03,48.18,0.05,49.31,-1.13
8/29/23,9:45,A1,49.1,49,1,CCR-COL,CCR152,72,13,5,drought,drought.3,53.97,52.4,51.69,0.05,49.31,2.38
8/29/23,9:45,A2,49.2,49,2,CCR-COL,CCR152,72,13,5,drought,drought.3,52.91,51.35,49.43,0.1,49.31,0.12
8/29/23,9:45,A3,49.3,49,3,CCR-COL,CCR152,72,13,5,drought,drought.3,53.97,50.58,48.65,0.1,49.31,-0.66
8/29/23,9:45,D4,63.1,63,1,CCR-COL,CCR5,72,5,5,drought,drought.3,53.43,51.6,49.67,0.11,49.31,0.36
8/29/23,9:45,D5,63.2,63,2,CCR-COL,CCR5,72,5,5,drought,drought.3,53.43,50.58,48.65,0.09,49.31,-0.66
8/29/23,9:45,D6,63.3,63,3,CCR-COL,CCR5,72,5,5,drought,drought.3,53.17,50.58,48.63,0.11,49.31,-0.68
8/29/23,9:45,E1,59.1,59,1,CCR-COL,CCR155,72,2,5,drought,drought.3,52.91,50.85,46.7,0.18,49.31,-2.61
8/29/23,9:45,E2,59.2,59,2,CCR-COL,CCR155,72,2,5,drought,drought.3,53.43,51.6,49.98,0.07,49.31,0.67
8/29/23,9:45,E3,43.1,43,1,CCR-COL,CCR156,72,4,5,drought,drought.3,52.91,50.85,48.39,0.11,49.31,-0.92
8/29/23,9:45,E4,43.2,43,2,CCR-COL,CCR156,72,4,5,drought,drought.3,53.17,50.85,48.38,0.1,49.31,-0.93
8/29/23,9:45,E5,43.3,43,3,CCR-COL,CCR156,72,4,5,drought,drought.3,53.17,50.06,47.42,0.07,49.31,-1.89
8/29/23,9:45,H2,45.1,45,1,CCR-COL,CCR156,72,1,5,drought,drought.3,52.91,50.58,48.17,0.08,49.31,-1.14
8/29/23,9:45,H3,45.2,45,2,CCR-COL,CCR156,72,1,5,drought,drought.3,52.4,50.32,48.12,0.08,49.31,-1.19
8/29/23,11:30,A5,46.1,46,1,CCR-COL,CCR149,72,3,5,drought,drought.3,53.15,51.36,49.2,0.1,49.31,-0.11
8/29/23,11:30,A6,46.2,46,2,CCR-COL,CCR149,72,3,5,drought,drought.3,53.68,51.62,50.02,0.08,49.31,0.71
8/29/23,11:30,B4,47.1,47,1,CCR-COL,CCR149,72,4,5,drought,drought.3,53.95,51.62,50,0.08,49.31,0.69
8/29/23,11:30,B5,47.2,47,2,CCR-COL,CCR149,72,4,5,drought,drought.3,53.95,51.62,49.66,0.09,49.31,0.35
8/29/23,11:30,B6,47.3,47,3,CCR-COL,CCR149,72,4,5,drought,drought.3,54.71,51.87,49.16,0.15,49.31,-0.15
8/30/23,10:00,C4,44.1,44,1,CCR-COL,CCR156,72,3,5,drought,drought.3,53.82,50.96,46.73,0.11,49.31,-2.58
8/30/23,10:00,C5,44.2,44,2,CCR-COL,CCR156,72,3,5,drought,drought.3,53.28,51.22,48.76,0.09,49.31,-0.55
8/30/23,10:00,C6,44.3,44,3,CCR-COL,CCR156,72,3,5,drought,drought.3,54.57,51.22,49.1,0.08,49.31,-0.21
8/30/23,10:00,D1,51.1,51,1,CCR-COL,CCR152,72,15,5,drought,drought.3,58.38,50.96,49.28,0.09,49.31,-0.03
8/30/23,10:00,D2,51.2,51,2,CCR-COL,CCR152,72,15,5,drought,drought.3,54.84,51.47,49.89,0.07,49.31,0.58
8/30/23,10:00,D3,51.3,51,3,CCR-COL,CCR152,72,15,5,drought,drought.3,53.02,50.43,48.25,0.08,49.31,-1.06
9/21/23,12:30,A1,49.1,49,1,CCR-COL,CCR152,72,13,7,postdrought,postdrought,54.01,49.1,47.44,0.07,38.23,9.21
9/21/23,12:30,A2,49.2,49,2,CCR-COL,CCR152,72,13,7,postdrought,postdrought,53.48,48.06,46.45,0.06,38.23,8.22
9/21/23,12:30,A3,49.3,49,3,CCR-COL,CCR152,72,13,7,postdrought,postdrought,51.42,47.53,46.19,0.04,38.23,7.96
9/21/23,12:30,G1,51.1,51,1,CCR-COL,CCR152,72,15,7,postdrought,postdrought,50.14,47.53,46.15,0.08,38.23,7.92
9/21/23,12:30,G2,51.2,51,2,CCR-COL,CCR152,72,15,7,postdrought,postdrought,51.67,49.1,47.14,0.05,38.23,8.91
9/21/23,12:30,G3,51.3,51,3,CCR-COL,CCR152,72,15,7,postdrought,postdrought,49.63,47.27,45.65,0.04,38.23,7.42
9/21/23,12:30,G4,44.1,44,1,CCR-COL,CCR156,72,3,7,postdrought,postdrought,51.93,49.88,48.99,0.03,38.23,10.76
9/21/23,12:30,G5,44.2,44,2,CCR-COL,CCR156,72,3,7,postdrought,postdrought,51.67,48.84,47.61,0.04,38.23,9.38
9/21/23,12:30,G6,44.3,44,3,CCR-COL,CCR156,72,3,7,postdrought,postdrought,52.71,50.14,48.95,0.07,38.23,10.72
9/22/23,10:45,A4,43.1,43,1,CCR-COL,CCR156,72,4,7,postdrought,postdrought,54.21,50.08,47.86,0.13,38.23,9.63
9/22/23,10:45,A5,43.2,43,2,CCR-COL,CCR156,72,4,7,postdrought,postdrought,52.91,50.88,49.31,0.07,38.23,11.08
9/22/23,10:45,A6,43.3,43,3,CCR-COL,CCR156,72,4,7,postdrought,postdrought,52.15,50.08,48.9,0.1,38.23,10.67
9/22/23,10:45,C4,59.1,59,1,CCR-COL,CCR155,72,2,7,postdrought,postdrought,53.42,50.08,47.88,0.06,38.23,9.65
9/22/23,10:45,C5,59.2,59,2,CCR-COL,CCR155,72,2,7,postdrought,postdrought,51.89,49.57,47.58,0.06,38.23,9.35
9/22/23,10:45,C6,59.3,59,3,CCR-COL,CCR155,72,2,7,postdrought,postdrought,54.47,50.88,48.47,0.06,38.23,10.24
9/22/23,10:45,D4,48.1,48,1,CCR-COL,CCR149,72,5,7,postdrought,postdrought,50.88,48.28,46.71,0.05,38.23,8.48
9/22/23,10:45,D5,48.2,48,2,CCR-COL,CCR149,72,5,7,postdrought,postdrought,50.88,48.28,46.69,0.05,38.23,8.46
9/22/23,10:45,D6,48.3,48,3,CCR-COL,CCR149,72,5,7,postdrought,postdrought,51.89,49.32,46.84,0.09,38.23,8.61
9/22/23,10:45,E4,61.1,61,1,CCR-COL,CCR5,72,2,7,postdrought,postdrought,51.63,48.8,47.32,0.05,38.23,9.09
9/22/23,10:45,E5,61.2,61,2,CCR-COL,CCR5,72,2,7,postdrought,postdrought,53.69,48.28,46.85,0.05,38.23,8.62
9/22/23,10:45,E6,61.3,61,3,CCR-COL,CCR5,72,2,7,postdrought,postdrought,52.91,47.76,46.67,0.06,38.23,8.44
9/22/23,10:45,G1,46.1,46,1,CCR-COL,CCR149,72,3,7,postdrought,postdrought,52.15,48.8,46.89,0.06,38.23,8.66
9/22/23,10:45,G2,46.2,46,2,CCR-COL,CCR149,72,3,7,postdrought,postdrought,55.99,49.57,48.36,0.04,38.23,10.13
9/22/23,10:45,G3,46.3,46,3,CCR-COL,CCR149,72,3,7,postdrought,postdrought,54.98,49.83,47.66,0.07,38.23,9.43
9/22/23,12:40,A1,60.1,60,1,CCR-COL,CCR155,72,3,7,postdrought,postdrought,54.23,51.12,48.51,0.08,38.23,10.28
9/22/23,12:40,A2,60.2,60,2,CCR-COL,CCR155,72,3,7,postdrought,postdrought,54.74,50.61,48.64,0.05,38.23,10.41
9/22/23,12:40,A3,60.3,60,3,CCR-COL,CCR155,72,3,7,postdrought,postdrought,54.99,50.87,49.16,0.06,38.23,10.93
9/22/23,12:40,B1,63.1,63,1,CCR-COL,CCR5,72,5,7,postdrought,postdrought,52.4,48.54,46.34,0.05,38.23,8.11
9/22/23,12:40,B2,63.2,63,2,CCR-COL,CCR5,72,5,7,postdrought,postdrought,53.72,50.1,48.39,0.05,38.23,10.16
9/22/23,12:40,B3,63.3,63,3,CCR-COL,CCR5,72,5,7,postdrought,postdrought,53.46,50.1,48.17,0.06,38.23,9.94
9/22/23,12:40,D4,45.1,45,1,CCR-COL,CCR156,72,1,7,postdrought,postdrought,52.15,49.06,47.37,0.05,38.23,9.14
9/22/23,12:40,D5,45.2,45,2,CCR-COL,CCR156,72,1,7,postdrought,postdrought,53.46,50.1,47.69,0.08,38.23,9.46
9/22/23,12:40,D6,45.3,45,3,CCR-COL,CCR156,72,1,7,postdrought,postdrought,53.72,50.61,48.93,0.06,38.23,10.7
9/22/23,14:55,A4,58.1,58,1,CCR-COL,CCR155,72,1,7,postdrought,postdrought,50.36,47.76,46.69,0.04,38.23,8.46
9/22/23,14:55,A5,58.2,58,2,CCR-COL,CCR155,72,1,7,postdrought,postdrought,52.42,49.06,47.43,0.07,38.23,9.2
9/22/23,14:55,A6,58.3,58,3,CCR-COL,CCR155,72,1,7,postdrought,postdrought,53.45,49.32,47.84,0.07,38.23,9.61
9/22/23,14:55,C1,50.1,50,1,CCR-COL,CCR152,72,14,7,postdrought,postdrought,52.42,48.02,46.67,0.04,38.23,8.44
9/22/23,14:55,C2,50.2,50,2,CCR-COL,CCR152,72,14,7,postdrought,postdrought,51.14,47,46.41,0.04,38.23,8.18
9/22/23,14:55,C4,54.1,54,1,CCR-COL,CCR154,72,4,7,postdrought,postdrought,51.64,47.76,46.16,0.06,38.23,7.93
9/22/23,14:55,C5,54.2,54,2,CCR-COL,CCR154,72,4,7,postdrought,postdrought,52.68,48.28,46.88,0.06,38.23,8.65
9/22/23,14:55,C6,54.3,54,3,CCR-COL,CCR154,72,4,7,postdrought,postdrought,51.39,47.76,46.12,0.09,38.23,7.89
9/22/23,14:55,E1,85.1,85,1,CCR-COL,CCR5,72,3,7,postdrought,postdrought,53.71,50.89,49.53,0.04,38.23,11.3
9/22/23,14:55,E2,85.2,85,2,CCR-COL,CCR5,72,3,7,postdrought,postdrought,52.42,48.8,47.63,0.04,38.23,9.4
9/22/23,14:55,F4,47.1,47,1,CCR-COL,CCR149,72,4,7,postdrought,postdrought,52.42,49.32,47.37,0.08,38.23,9.14
9/22/23,14:55,F5,47.2,47,2,CCR-COL,CCR149,72,4,7,postdrought,postdrought,52.93,49.84,48.7,0.05,38.23,10.47
9/22/23,14:55,F6,47.3,47,3,CCR-COL,CCR149,72,4,7,postdrought,postdrought,53.97,50.1,47.93,0.08,38.23,9.7
7/17/23,11:00,E1,62.1,62,1,JLA-JAK,JLA155,1521,1,1,predrought,predrought,53.84,51.3,50.17,0.08,46.33,3.84
7/17/23,11:00,E2,62.2,62,2,JLA-JAK,JLA155,1521,1,1,predrought,predrought,52.05,50.05,49.37,0.07,46.33,3.04
7/17/23,11:00,E3,62.3,62,3,JLA-JAK,JLA155,1521,1,1,predrought,predrought,52.05,50.05,48.7,0.04,46.33,2.37
7/17/23,11:00,F1,64.1,64,1,JLA-JAK,JLA155,1521,4,1,predrought,predrought,53.07,50.55,48.9,0.18,46.33,2.57
7/17/23,11:00,F2,64.2,64,2,JLA-JAK,JLA155,1521,4,1,predrought,predrought,53.84,51.3,49.74,0.09,46.33,3.41
7/17/23,11:00,F3,64.3,64,3,JLA-JAK,JLA155,1521,4,1,predrought,predrought,52.81,50.55,49.96,0.05,46.33,3.63
7/17/23,11:00,F4,71.1,71,1,JLA-JAK,JLA156,1521,6,1,predrought,predrought,52.54,50.3,49.09,0.04,46.33,2.76
7/17/23,11:00,F5,71.2,71,2,JLA-JAK,JLA156,1521,6,1,predrought,predrought,53.33,49.79,48.71,0.07,46.33,2.38
7/17/23,11:00,F6,71.3,71,3,JLA-JAK,JLA156,1521,6,1,predrought,predrought,52.54,50.55,49.23,0.07,46.33,2.9
7/17/23,11:00,G1,72.1,72,1,JLA-JAK,JLA157,1521,17,1,predrought,predrought,53.07,49.28,46.18,0.21,46.33,-0.15
7/17/23,11:00,G2,72.2,72,2,JLA-JAK,JLA157,1521,17,1,predrought,predrought,52.54,48.77,44.12,0.16,46.33,-2.21
7/17/23,11:00,G3,72.3,72,3,JLA-JAK,JLA157,1521,17,1,predrought,predrought,52.29,48.27,44.86,0.22,46.33,-1.47
7/17/23,14:00,H4,90.1,90,1,JLA-JAK,JLA153,1521,6,1,predrought,predrought,53.11,50.57,46.63,0.19,46.33,0.3
7/17/23,14:00,H5,90.2,90,2,JLA-JAK,JLA153,1521,6,1,predrought,predrought,53.35,50.82,48.69,0.12,46.33,2.36
7/17/23,14:00,H6,90.3,90,3,JLA-JAK,JLA153,1521,6,1,predrought,predrought,53.11,51.32,48.44,0.17,46.33,2.11
7/18/23,8:00,G4,68.1,68,1,JLA-JAK,JLA157,1521,16,1,predrought,predrought,55.35,49.03,47.4,0.1,46.33,1.07
7/18/23,8:00,G5,68.2,68,2,JLA-JAK,JLA157,1521,16,1,predrought,predrought,53.08,50.04,47.57,0.11,46.33,1.24
7/18/23,8:00,G6,68.3,68,3,JLA-JAK,JLA157,1521,16,1,predrought,predrought,53.82,50.81,48.89,0.07,46.33,2.56
7/18/23,10:00,F1,67.1,67,1,JLA-JAK,JLA157,1521,8,1,predrought,predrought,53.09,48.26,45.55,0.22,46.33,-0.78
7/18/23,10:00,F2,67.2,67,2,JLA-JAK,JLA157,1521,8,1,predrought,predrought,60.15,49.79,47.93,0.09,46.33,1.6
7/18/23,10:00,F3,67.3,67,3,JLA-JAK,JLA157,1521,8,1,predrought,predrought,52.58,49.29,48.13,0.08,46.33,1.8
7/18/23,10:00,F4,69.1,69,1,JLA-JAK,JLA153,1521,4,1,predrought,predrought,51.82,48.77,46.93,0.1,46.33,0.6
7/18/23,10:00,F5,69.2,69,2,JLA-JAK,JLA153,1521,4,1,predrought,predrought,60.15,51.31,49.26,0.11,46.33,2.93
7/18/23,10:00,F6,69.3,69,3,JLA-JAK,JLA153,1521,4,1,predrought,predrought,53.61,50.05,46.62,0.17,46.33,0.29
7/18/23,10:00,G1,73.1,73,1,JLA-JAK,JLA158,1521,3,1,predrought,predrought,51.82,49.54,47.65,0.07,46.33,1.32
7/18/23,10:00,G2,73.2,73,2,JLA-JAK,JLA158,1521,3,1,predrought,predrought,53.09,49.79,48.36,0.07,46.33,2.03
7/18/23,10:00,G3,73.3,73,3,JLA-JAK,JLA158,1521,3,1,predrought,predrought,56.9,50.3,48.91,0.08,46.33,2.58
7/18/23,10:00,G4,74.1,74,1,JLA-JAK,JLA156,1521,14,1,predrought,predrought,55.14,50.56,46.92,0.15,46.33,0.59
7/18/23,10:00,G5,74.2,74,2,JLA-JAK,JLA156,1521,14,1,predrought,predrought,53.35,50.56,48.08,0.11,46.33,1.75
7/18/23,10:00,G6,74.3,74,3,JLA-JAK,JLA156,1521,14,1,predrought,predrought,53.35,50.56,47.85,0.12,46.33,1.52
7/18/23,10:00,H1,76.1,76,1,JLA-JAK,JLA153,1521,3,1,predrought,predrought,52.58,50.05,48.13,0.12,46.33,1.8
7/18/23,10:00,H2,76.2,76,2,JLA-JAK,JLA153,1521,3,1,predrought,predrought,53.09,50.56,47.06,0.08,46.33,0.73
7/18/23,10:00,H3,76.3,76,3,JLA-JAK,JLA153,1521,3,1,predrought,predrought,52.07,49.54,47.73,0.07,46.33,1.4
7/18/23,12:00,G1,66.1,66,1,JLA-JAK,JLA155,1521,12,1,predrought,predrought,53.58,50.29,49.11,0.07,46.33,2.78
7/18/23,12:00,G2,66.2,66,2,JLA-JAK,JLA155,1521,12,1,predrought,predrought,54.61,49.79,48.13,0.05,46.33,1.8
7/18/23,12:00,G3,66.3,66,3,JLA-JAK,JLA155,1521,12,1,predrought,predrought,52.83,49.54,48.18,0.07,46.33,1.85
7/18/23,12:00,G4,70.1,70,1,JLA-JAK,JLA158,1521,20,1,predrought,predrought,53.84,51.31,47.78,0.23,46.33,1.45
7/18/23,12:00,G5,70.2,70,2,JLA-JAK,JLA158,1521,20,1,predrought,predrought,53.58,50.81,48.97,0.12,46.33,2.64
7/18/23,12:00,G6,70.3,70,3,JLA-JAK,JLA158,1521,20,1,predrought,predrought,53.07,50.29,49.1,0.09,46.33,2.77
7/18/23,12:00,H1,75.1,75,1,JLA-JAK,JLA156,1521,15,1,predrought,predrought,60.15,50.55,48.65,0.09,46.33,2.32
7/18/23,12:00,H2,75.2,75,2,JLA-JAK,JLA156,1521,15,1,predrought,predrought,53.33,50.04,47.64,0.11,46.33,1.31
7/18/23,12:00,H3,75.3,75,3,JLA-JAK,JLA156,1521,15,1,predrought,predrought,52.33,50.55,48.88,0.08,46.33,2.55
7/18/23,12:00,H4,81.1,81,1,JLA-JAK,JLA158,1521,19,1,predrought,predrought,53.84,50.81,47.67,0.14,46.33,1.34
7/18/23,12:00,H5,81.2,81,2,JLA-JAK,JLA158,1521,19,1,predrought,predrought,53.07,50.81,48.62,0.12,46.33,2.29
7/18/23,12:00,H6,81.3,81,3,JLA-JAK,JLA158,1521,19,1,predrought,predrought,52.83,50.29,49.04,0.1,46.33,2.71
8/28/23,18:00,A3,69.1,69,1,JLA-JAK,JLA153,1521,4,5,drought,drought.3,51.05,49.53,47.6,0.11,49.06,-1.46
8/28/23,18:00,A4,69.2,69,2,JLA-JAK,JLA153,1521,4,5,drought,drought.3,50.79,48.78,46.83,0.09,49.06,-2.23
8/28/23,18:00,A5,69.3,69,3,JLA-JAK,JLA153,1521,4,5,drought,drought.3,52.07,50.03,48.25,0.08,49.06,-0.81
8/28/23,18:00,F6,67.1,67,1,JLA-JAK,JLA157,1521,8,5,drought,drought.3,60,50.28,48.19,0.08,49.06,-0.87
8/28/23,18:00,G1,67.2,67,2,JLA-JAK,JLA157,1521,8,5,drought,drought.3,58.87,56.11,46.99,1.31,49.06,-2.07
8/28/23,18:00,G2,67.3,67,3,JLA-JAK,JLA157,1521,8,5,drought,drought.3,60,49.53,47.13,0.1,49.06,-1.93
8/28/23,18:00,G3,68.1,68,1,JLA-JAK,JLA157,1521,16,5,drought,drought.3,52.07,50.03,48.34,0.1,49.06,-0.72
8/28/23,18:00,G4,68.2,68,2,JLA-JAK,JLA157,1521,16,5,drought,drought.3,51.81,49.53,46.92,0.08,49.06,-2.14
8/28/23,18:00,G5,68.3,68,3,JLA-JAK,JLA157,1521,16,5,drought,drought.3,52.57,49.78,47.7,0.07,49.06,-1.36
8/29/23,9:45,A4,72.1,72,1,JLA-JAK,JLA157,1521,17,5,drought,drought.3,53.17,51.35,49.8,0.08,49.06,0.74
8/29/23,9:45,A5,72.2,72,2,JLA-JAK,JLA157,1521,17,5,drought,drought.3,54.73,50.06,47.42,0.09,49.06,-1.64
8/29/23,9:45,A6,72.3,72,3,JLA-JAK,JLA157,1521,17,5,drought,drought.3,54.23,51.11,48.59,0.05,49.06,-0.47
8/29/23,9:45,F6,64.1,64,1,JLA-JAK,JLA155,1521,4,5,drought,drought.3,53.97,51.11,49.37,0.1,49.06,0.31
8/29/23,9:45,G1,64.2,64,2,JLA-JAK,JLA155,1521,4,5,drought,drought.3,51.88,48.78,46.58,0.15,49.06,-2.48
8/29/23,9:45,G2,64.3,64,3,JLA-JAK,JLA155,1521,4,5,drought,drought.3,52.4,50.32,48.45,0.07,49.06,-0.61
8/29/23,11:30,F3,62.1,62,1,JLA-JAK,JLA155,1521,1,5,drought,drought.3,53.41,51.11,49.2,0.08,49.06,0.14
8/29/23,11:30,F4,62.2,62,2,JLA-JAK,JLA155,1521,1,5,drought,drought.3,53.41,51.11,48.96,0.09,49.06,-0.1
8/29/23,11:30,F5,71.1,71,1,JLA-JAK,JLA156,1521,6,5,drought,drought.3,60.25,51.11,48.67,0.1,49.06,-0.39
8/29/23,11:30,F6,71.2,71,2,JLA-JAK,JLA156,1521,6,5,drought,drought.3,53.41,51.11,49.42,0.09,49.06,0.36
8/29/23,11:30,G1,71.3,71,3,JLA-JAK,JLA156,1521,6,5,drought,drought.3,60.25,50.85,48.67,0.08,49.06,-0.39
8/29/23,13:00,A2,90.1,90,1,JLA-JAK,JLA153,1521,6,5,drought,drought.3,54.49,52.42,50.71,0.08,49.06,1.65
8/29/23,13:00,A3,90.2,90,2,JLA-JAK,JLA153,1521,6,5,drought,drought.3,53.2,51.13,49.4,0.09,49.06,0.34
8/29/23,13:00,A4,90.3,90,3,JLA-JAK,JLA153,1521,6,5,drought,drought.3,55.01,52.15,50,0.1,49.06,0.94
8/30/23,10:00,D4,66.1,66,1,JLA-JAK,JLA155,1521,12,5,drought,drought.3,56.37,50.96,46.68,0.15,49.06,-2.38
8/30/23,10:00,D5,66.2,66,2,JLA-JAK,JLA155,1521,12,5,drought,drought.3,60.23,50.69,49.08,0.06,49.06,0.02
8/30/23,10:00,D6,66.3,66,3,JLA-JAK,JLA155,1521,12,5,drought,drought.3,53.82,51.22,49.31,0.11,49.06,0.25
8/30/23,10:00,E1,70.1,70,1,JLA-JAK,JLA158,1521,20,5,drought,drought.3,53.54,50.96,49,0.09,49.06,-0.06
8/30/23,10:00,E2,70.2,70,2,JLA-JAK,JLA158,1521,20,5,drought,drought.3,54.08,50.96,48.49,0.1,49.06,-0.57
8/30/23,10:00,E3,70.3,70,3,JLA-JAK,JLA158,1521,20,5,drought,drought.3,53.54,51.22,49.24,0.07,49.06,0.18
8/30/23,10:00,E4,73.1,73,1,JLA-JAK,JLA158,1521,3,5,drought,drought.3,56.6,50.69,48.29,0.07,49.06,-0.77
8/30/23,10:00,E5,73.2,73,2,JLA-JAK,JLA158,1521,3,5,drought,drought.3,52.76,50.69,48.52,0.09,49.06,-0.54
8/30/23,10:00,E6,73.3,73,3,JLA-JAK,JLA158,1521,3,5,drought,drought.3,55.37,50.18,48.05,0.07,49.06,-1.01
8/30/23,10:00,F1,74.1,74,1,JLA-JAK,JLA156,1521,14,5,drought,drought.3,52.76,50.18,48.22,0.1,49.06,-0.84
8/30/23,10:00,F2,74.2,74,2,JLA-JAK,JLA156,1521,14,5,drought,drought.3,53.54,50.43,47.79,0.11,49.06,-1.27
8/30/23,10:00,F3,74.3,74,3,JLA-JAK,JLA156,1521,14,5,drought,drought.3,54.57,51.22,49.35,0.09,49.06,0.29
8/30/23,10:00,F4,75.1,75,1,JLA-JAK,JLA156,1521,15,5,drought,drought.3,54.08,51.47,49.57,0.07,49.06,0.51
8/30/23,10:00,F5,75.2,75,2,JLA-JAK,JLA156,1521,15,5,drought,drought.3,60.64,52.25,50.04,0.06,49.06,0.98
8/30/23,10:00,F6,75.3,75,3,JLA-JAK,JLA156,1521,15,5,drought,drought.3,59.43,52,50,0.07,49.06,0.94
8/30/23,10:00,G1,76.1,76,1,JLA-JAK,JLA153,1521,3,5,drought,drought.3,60.64,50.69,48.22,0.1,49.06,-0.84
8/30/23,10:00,G2,76.2,76,2,JLA-JAK,JLA153,1521,3,5,drought,drought.3,53.54,51.22,49.28,0.09,49.06,0.22
8/30/23,10:00,G3,76.3,76,3,JLA-JAK,JLA153,1521,3,5,drought,drought.3,55.37,51.22,49.25,0.08,49.06,0.19
8/30/23,10:00,G4,81.1,81,1,JLA-JAK,JLA158,1521,19,5,drought,drought.3,54.57,52.51,50.56,0.1,49.06,1.5
8/30/23,10:00,G5,81.2,81,2,JLA-JAK,JLA158,1521,19,5,drought,drought.3,55.11,52.25,50.58,0.1,49.06,1.52
8/30/23,10:00,G6,81.3,81,3,JLA-JAK,JLA158,1521,19,5,drought,drought.3,54.57,51.73,50.51,0.08,49.06,1.45
9/21/23,12:30,A4,64.1,64,1,JLA-JAK,JLA155,1521,4,7,postdrought,postdrought,50.39,47.8,46.4,0.08,40.03,6.37
9/21/23,12:30,A5,64.2,64,2,JLA-JAK,JLA155,1521,4,7,postdrought,postdrought,51.93,48.84,47.11,0.06,40.03,7.08
9/21/23,12:30,A6,64.3,64,3,JLA-JAK,JLA155,1521,4,7,postdrought,postdrought,52.45,49.37,47.64,0.07,40.03,7.61
9/21/23,12:30,C1,71.1,71,1,JLA-JAK,JLA156,1521,6,7,postdrought,postdrought,50.65,48.32,46.45,0.07,40.03,6.42
9/21/23,12:30,C2,71.2,71,2,JLA-JAK,JLA156,1521,6,7,postdrought,postdrought,49.37,48.06,47.37,0.04,40.03,7.34
9/21/23,12:30,C3,71.3,71,3,JLA-JAK,JLA156,1521,6,7,postdrought,postdrought,50.65,48.32,46.68,0.06,40.03,6.65
9/21/23,12:30,D6,66.1,66,1,JLA-JAK,JLA155,1521,12,7,postdrought,postdrought,54.01,48.06,45.66,0.06,40.03,5.63
9/21/23,12:30,E1,75.1,75,1,JLA-JAK,JLA156,1521,15,7,postdrought,postdrought,51.16,48.06,46.68,0.09,40.03,6.65
9/21/23,12:30,E2,75.2,75,2,JLA-JAK,JLA156,1521,15,7,postdrought,postdrought,51.16,48.32,46.57,0.06,40.03,6.54
9/21/23,12:30,E3,75.3,75,3,JLA-JAK,JLA156,1521,15,7,postdrought,postdrought,52.19,49.63,47.66,0.09,40.03,7.63
9/21/23,12:30,F5,70.2,70,2,JLA-JAK,JLA158,1521,20,7,postdrought,postdrought,60.67,50.14,48.82,0.07,40.03,8.79
9/21/23,12:30,F6,70.3,70,3,JLA-JAK,JLA158,1521,20,7,postdrought,postdrought,52.19,49.63,47.63,0.12,40.03,7.6
9/22/23,10:45,A3,66.5,66,5,JLA-JAK,JLA155,1521,12,7,postdrought,postdrought,53.95,48.28,46.18,0.08,40.03,6.15
9/22/23,10:45,B1,81.1,81,1,JLA-JAK,JLA158,1521,19,7,postdrought,postdrought,60.5,51.13,48.39,0.06,40.03,8.36
9/22/23,10:45,B2,81.2,81,2,JLA-JAK,JLA158,1521,19,7,postdrought,postdrought,53.16,50.61,48.92,0.07,40.03,8.89
9/22/23,10:45,C1,72.1,72,1,JLA-JAK,JLA157,1521,17,7,postdrought,postdrought,53.95,51.13,49.71,0.05,40.03,9.68
9/22/23,10:45,C2,72.2,72,2,JLA-JAK,JLA157,1521,17,7,postdrought,postdrought,60.5,50.61,49.02,0.05,40.03,8.99
9/22/23,10:45,C3,72.3,72,3,JLA-JAK,JLA157,1521,17,7,postdrought,postdrought,54.98,50.61,48.94,0.05,40.03,8.91
9/22/23,10:45,E1,69.1,69,1,JLA-JAK,JLA153,1521,4,7,postdrought,postdrought,53.16,48.8,46.33,0.08,40.03,6.3
9/22/23,10:45,E2,69.2,69,2,JLA-JAK,JLA153,1521,4,7,postdrought,postdrought,53.16,50.08,47.84,0.07,40.03,7.81
9/22/23,10:45,E3,69.3,69,3,JLA-JAK,JLA153,1521,4,7,postdrought,postdrought,52.15,47.76,46.39,0.06,40.03,6.36
9/22/23,10:45,F1,62.1,62,1,JLA-JAK,JLA155,1521,1,7,postdrought,postdrought,53.95,50.34,48.2,0.05,40.03,8.17
9/22/23,10:45,F2,62.2,62,2,JLA-JAK,JLA155,1521,1,7,postdrought,postdrought,55.24,50.88,49.15,0.07,40.03,9.12
9/22/23,10:45,F3,62.3,62,3,JLA-JAK,JLA155,1521,1,7,postdrought,postdrought,52.41,49.32,47.37,0.1,40.03,7.34
9/22/23,12:40,A4,76.1,76,1,JLA-JAK,JLA153,1521,3,7,postdrought,postdrought,54.23,49.57,47.84,0.06,40.03,7.81
9/22/23,12:40,A6,76.3,76,3,JLA-JAK,JLA153,1521,3,7,postdrought,postdrought,58.33,49.31,47.92,0.06,40.03,7.89
9/22/23,12:40,B4,74.1,74,1,JLA-JAK,JLA156,1521,14,7,postdrought,postdrought,52.15,49.57,48.01,0.04,40.03,7.98
9/22/23,12:40,B5,74.2,74,2,JLA-JAK,JLA156,1521,14,7,postdrought,postdrought,53.46,49.84,47.94,0.05,40.03,7.91
9/22/23,12:40,B6,74.3,74,3,JLA-JAK,JLA156,1521,14,7,postdrought,postdrought,53.2,49.57,47.58,0.09,40.03,7.55
9/22/23,12:40,C6,90.3,90,3,JLA-JAK,JLA153,1521,6,7,postdrought,postdrought,52.93,48.28,46.56,0.05,40.03,6.53
9/22/23,14:55,D4,68.1,68,1,JLA-JAK,JLA157,1521,16,7,postdrought,postdrought,50.1,48.02,46.65,0.05,40.03,6.62
9/22/23,14:55,D5,68.2,68,2,JLA-JAK,JLA157,1521,16,7,postdrought,postdrought,54.22,50.89,48.95,0.08,40.03,8.92
9/22/23,14:55,D6,68.3,68,3,JLA-JAK,JLA157,1521,16,7,postdrought,postdrought,53.71,50.89,49.16,0.07,40.03,9.13
9/22/23,14:55,F1,67.1,67,1,JLA-JAK,JLA157,1521,8,7,postdrought,postdrought,52.42,50.1,48.42,0.03,40.03,8.39
9/22/23,14:55,F2,67.2,67,2,JLA-JAK,JLA157,1521,8,7,postdrought,postdrought,60.39,51.91,48.69,0.09,40.03,8.66
7/17/23,11:00,A1,19.1,19,1,NRV-NEW,NRV123,666,3,1,predrought,predrought,52.81,50.3,49.07,0.1,44.92,4.15
7/17/23,11:00,A2,19.2,19,2,NRV-NEW,NRV123,666,3,1,predrought,predrought,53.07,50.81,49.36,0.09,44.92,4.44
7/17/23,11:00,A3,19.3,19,3,NRV-NEW,NRV123,666,3,1,predrought,predrought,53.33,50.55,49.45,0.07,44.92,4.53
7/17/23,11:00,A4,20.1,20,1,NRV-NEW,NRV123,666,7,1,predrought,predrought,53.33,51.06,49.94,0.09,44.92,5.02
7/17/23,11:00,A5,20.2,20,2,NRV-NEW,NRV123,666,7,1,predrought,predrought,52.81,50.55,49.62,0.05,44.92,4.7
7/17/23,11:00,A6,20.3,20,3,NRV-NEW,NRV123,666,7,1,predrought,predrought,52.81,50.55,49.02,0.09,44.92,4.1
7/17/23,11:00,G4,8.1,8,1,NRV-NEW,NRV105,666,10,1,predrought,predrought,51.8,49.79,48.61,0.1,44.92,3.69
7/17/23,11:00,G5,8.2,8,2,NRV-NEW,NRV105,666,10,1,predrought,predrought,51.54,49.53,48.42,0.06,44.92,3.5
7/17/23,11:00,G6,8.3,8,3,NRV-NEW,NRV105,666,10,1,predrought,predrought,51.54,49.03,48.18,0.04,44.92,3.26
7/17/23,14:00,A1,12.1,12,1,NRV-NEW,NRV118,666,5,1,predrought,predrought,53.11,50.31,48.73,0.04,44.92,3.81
7/17/23,14:00,A2,12.2,12,2,NRV-NEW,NRV118,666,5,1,predrought,predrought,52.09,49.56,48.18,0.07,44.92,3.26
7/17/23,14:00,A3,12.3,12,3,NRV-NEW,NRV118,666,5,1,predrought,predrought,51.83,50.05,48.9,0.07,44.92,3.98
7/17/23,14:00,B4,18.1,18,1,NRV-NEW,NRV122,666,5,1,predrought,predrought,52.34,49.8,48.38,0.09,44.92,3.46
7/17/23,14:00,B5,18.2,18,2,NRV-NEW,NRV122,666,5,1,predrought,predrought,53.35,50.82,48.99,0.11,44.92,4.07
7/17/23,14:00,B6,18.3,18,3,NRV-NEW,NRV122,666,5,1,predrought,predrought,52.85,50.57,49.17,0.07,44.92,4.25
7/17/23,14:00,C1,2.1,2,1,NRV-NEW,NRV101,666,11,1,predrought,predrought,52.09,50.05,48.47,0.06,44.92,3.55
7/17/23,14:00,C2,2.2,2,2,NRV-NEW,NRV101,666,11,1,predrought,predrought,52.59,49.8,48.89,0.05,44.92,3.97
7/17/23,14:00,C3,2.3,2,3,NRV-NEW,NRV101,666,11,1,predrought,predrought,52.85,50.05,48.9,0.08,44.92,3.98
7/17/23,14:00,E4,3.1,3,1,NRV-NEW,NRV101,666,14,1,predrought,predrought,51.57,49.56,47.93,0.12,44.92,3.01
7/17/23,14:00,E5,3.2,3,2,NRV-NEW,NRV101,666,14,1,predrought,predrought,53.11,50.31,48.49,0.1,44.92,3.57
7/17/23,14:00,E6,3.3,3,3,NRV-NEW,NRV101,666,14,1,predrought,predrought,53.11,51.07,49.16,0.12,44.92,4.24
7/17/23,14:00,G4,7.1,7,1,NRV-NEW,NRV105,666,9,1,predrought,predrought,53.11,50.57,49.49,0.06,44.92,4.57
7/17/23,14:00,G5,7.2,7,2,NRV-NEW,NRV105,666,9,1,predrought,predrought,56.15,50.05,48.51,0.08,44.92,3.59
7/17/23,14:00,G6,7.3,7,3,NRV-NEW,NRV105,666,9,1,predrought,predrought,52.59,50.31,49.17,0.07,44.92,4.25
7/18/23,8:00,A1,1.1,1,1,NRV-NEW,NRV101,666,4,1,predrought,predrought,53.33,50.81,49.63,0.09,44.92,4.71
7/18/23,8:00,A2,1.2,1,2,NRV-NEW,NRV101,666,4,1,predrought,predrought,53.08,50.81,49.37,0.09,44.92,4.45
7/18/23,8:00,A3,1.3,1,3,NRV-NEW,NRV101,666,4,1,predrought,predrought,52.07,49.53,47.85,0.07,44.92,2.93
7/18/23,8:00,B1,22.1,22,1,NRV-NEW,NRV123,666,8,1,predrought,predrought,52.07,49.79,48.3,0.12,44.92,3.38
7/18/23,8:00,B2,22.2,22,2,NRV-NEW,NRV123,666,8,1,predrought,predrought,52.32,49.53,48.46,0.05,44.92,3.54
7/18/23,8:00,B3,22.3,22,3,NRV-NEW,NRV123,666,8,1,predrought,predrought,53.08,50.81,49.92,0.06,44.92,5
7/18/23,10:00,A1,11.1,11,1,NRV-NEW,NRV118,666,3,1,predrought,predrought,52.83,50.56,49.48,0.04,44.92,4.56
7/18/23,10:00,A2,11.2,11,2,NRV-NEW,NRV118,666,3,1,predrought,predrought,53.61,50.05,48.89,0.05,44.92,3.97
7/18/23,10:00,A3,11.3,11,3,NRV-NEW,NRV118,666,3,1,predrought,predrought,53.61,50.05,48.31,0.13,44.92,3.39
7/18/23,10:00,A4,16.1,16,1,NRV-NEW,NRV122,666,1,1,predrought,predrought,52.58,49.03,47.45,0.13,44.92,2.53
7/18/23,10:00,A5,16.2,16,2,NRV-NEW,NRV122,666,1,1,predrought,predrought,52.83,49.29,47.89,0.09,44.92,2.97
7/18/23,10:00,A6,16.3,16,3,NRV-NEW,NRV122,666,1,1,predrought,predrought,52.83,48.77,47.2,0.08,44.92,2.28
7/18/23,10:00,H4,9.1,9,1,NRV-NEW,NRV105,666,15,1,predrought,predrought,53.35,50.81,49.22,0.05,44.92,4.3
7/18/23,10:00,H5,9.2,9,2,NRV-NEW,NRV105,666,15,1,predrought,predrought,53.86,50.3,48.68,0.07,44.92,3.76
7/18/23,10:00,H6,9.3,9,3,NRV-NEW,NRV105,666,15,1,predrought,predrought,52.58,48.77,47.36,0.09,44.92,2.44
7/18/23,12:00,A1,10.1,10,1,NRV-NEW,NRV118,666,2,1,predrought,predrought,53.33,50.55,49.44,0.06,44.92,4.52
7/18/23,12:00,A2,10.2,10,2,NRV-NEW,NRV118,666,2,1,predrought,predrought,53.33,50.55,49.11,0.05,44.92,4.19
7/18/23,12:00,A3,10.3,10,3,NRV-NEW,NRV118,666,2,1,predrought,predrought,54.35,50.04,48.22,0.09,44.92,3.3
7/18/23,12:00,B1,17.1,17,1,NRV-NEW,NRV122,666,3,1,predrought,predrought,53.33,50.29,49.18,0.07,44.92,4.26
7/18/23,12:00,B2,17.2,17,2,NRV-NEW,NRV122,666,3,1,predrought,predrought,53.33,42.91,42.14,0.24,44.92,-2.78
7/18/23,12:00,B3,17.3,17,3,NRV-NEW,NRV122,666,3,1,predrought,predrought,53.58,50.04,48.62,0.05,44.92,3.7
8/28/23,18:00,C5,11.1,11,1,NRV-NEW,NRV118,666,3,5,drought,drought.3,51.3,48.78,46.29,0.14,49.36,-3.07
8/28/23,18:00,C6,11.2,11,2,NRV-NEW,NRV118,666,3,5,drought,drought.3,52.83,50.54,49.86,0.18,49.36,0.5
8/28/23,18:00,E4,20.1,20,1,NRV-NEW,NRV123,666,7,5,drought,drought.3,51.3,49.03,47.39,0.11,49.36,-1.97
8/28/23,18:00,E5,20.2,20,2,NRV-NEW,NRV123,666,7,5,drought,drought.3,52.07,49.03,47.43,0.08,49.36,-1.93
8/28/23,18:00,E6,20.3,20,3,NRV-NEW,NRV123,666,7,5,drought,drought.3,52.07,49.28,46.72,0.14,49.36,-2.64
8/28/23,18:00,H1,16.1,16,1,NRV-NEW,NRV122,666,1,5,drought,drought.3,52.32,50.03,48.17,0.11,49.36,-1.19
8/28/23,18:00,H2,16.2,16,2,NRV-NEW,NRV122,666,1,5,drought,drought.3,52.07,49.78,46.88,0.13,49.36,-2.48
8/29/23,9:45,B1,8.1,8,1,NRV-NEW,NRV105,666,10,5,drought,drought.3,55.48,51.88,49.71,0.1,49.36,0.35
8/29/23,9:45,B2,8.2,8,2,NRV-NEW,NRV105,666,10,5,drought,drought.3,53.17,50.85,48.19,0.09,49.36,-1.17
8/29/23,9:45,B3,8.3,8,3,NRV-NEW,NRV105,666,10,5,drought,drought.3,52.65,48.78,45.35,0.15,49.36,-4.01
8/29/23,9:45,B6,19.1,19,1,NRV-NEW,NRV123,666,3,5,drought,drought.3,52.91,50.85,48.89,0.09,49.36,-0.47
8/29/23,9:45,C1,19.2,19,2,NRV-NEW,NRV123,666,3,5,drought,drought.3,53.17,50.85,48.63,0.11,49.36,-0.73
8/29/23,9:45,C2,18.1,18,1,NRV-NEW,NRV122,666,5,5,drought,drought.3,53.43,50.85,49.29,0.06,49.36,-0.07
8/29/23,9:45,C3,18.2,18,2,NRV-NEW,NRV122,666,5,5,drought,drought.3,52.4,50.32,48.37,0.07,49.36,-0.99
8/29/23,9:45,C4,18.3,18,3,NRV-NEW,NRV122,666,5,5,drought,drought.3,52.91,50.85,48.39,0.1,49.36,-0.97
8/29/23,9:45,D1,7.1,7,1,NRV-NEW,NRV105,666,9,5,drought,drought.3,52.91,50.58,48.16,0.09,49.36,-1.2
8/29/23,9:45,D2,7.2,7,2,NRV-NEW,NRV105,666,9,5,drought,drought.3,51.88,49.55,47.37,0.07,49.36,-1.99
8/29/23,9:45,D3,7.3,7,3,NRV-NEW,NRV105,666,9,5,drought,drought.3,52.14,50.06,48.38,0.07,49.36,-0.98
8/29/23,9:45,H4,2.1,2,1,NRV-NEW,NRV101,666,11,5,drought,drought.3,53.17,50.85,49.18,0.15,49.36,-0.18
8/29/23,9:45,H5,2.2,2,2,NRV-NEW,NRV101,666,11,5,drought,drought.3,52.91,49.3,48.05,0.08,49.36,-1.31
8/29/23,9:45,H6,2.3,2,3,NRV-NEW,NRV101,666,11,5,drought,drought.3,53.7,50.58,47.67,0.13,49.36,-1.69
8/29/23,11:30,B1,22.1,22,1,NRV-NEW,NRV123,666,8,5,drought,drought.3,52.13,49.82,47.92,0.09,49.36,-1.44
8/29/23,11:30,B2,22.2,22,2,NRV-NEW,NRV123,666,8,5,drought,drought.3,53.68,51.87,49.74,0.08,49.36,0.38
8/29/23,11:30,B3,22.3,22,3,NRV-NEW,NRV123,666,8,5,drought,drought.3,53.41,51.36,49.43,0.09,49.36,0.07
8/29/23,11:30,C4,9.1,9,1,NRV-NEW,NRV105,666,15,5,drought,drought.3,53.68,51.11,48.94,0.08,49.36,-0.42
8/29/23,11:30,C5,9.2,9,2,NRV-NEW,NRV105,666,15,5,drought,drought.3,53.41,49.82,47.18,0.09,49.36,-2.18
8/29/23,11:30,E3,12.1,12,1,NRV-NEW,NRV118,666,5,5,drought,drought.3,53.68,50.85,48.14,0.14,49.36,-1.22
8/29/23,11:30,E4,12.2,12,2,NRV-NEW,NRV118,666,5,5,drought,drought.3,52.89,50.59,47.35,0.14,49.36,-2.01
8/29/23,11:30,E5,12.3,12,3,NRV-NEW,NRV118,666,5,5,drought,drought.3,53.15,50.85,48.43,0.1,49.36,-0.93
8/29/23,11:30,H2,1.1,1,1,NRV-NEW,NRV101,666,4,5,drought,drought.3,60.25,50.85,48.7,0.09,49.36,-0.66
8/29/23,11:30,H3,1.2,1,2,NRV-NEW,NRV101,666,4,5,drought,drought.3,59.48,51.11,48.91,0.08,49.36,-0.45
8/29/23,11:30,H4,1.3,1,3,NRV-NEW,NRV101,666,4,5,drought,drought.3,59.48,57.53,54.19,0.28,49.36,4.83
8/29/23,13:00,B5,3.1,3,1,NRV-NEW,NRV101,666,14,5,drought,drought.3,54.23,51.63,49.74,0.09,49.36,0.38
8/29/23,13:00,B6,3.2,3,2,NRV-NEW,NRV101,666,14,5,drought,drought.3,53.71,51.13,48.91,0.12,49.36,-0.45
8/30/23,10:00,A1,10.1,10,1,NRV-NEW,NRV118,666,2,5,drought,drought.3,53.28,51.47,49.62,0.12,49.36,0.26
8/30/23,10:00,A2,10.2,10,2,NRV-NEW,NRV118,666,2,5,drought,drought.3,54.08,52.76,51.61,0.07,49.36,2.25
8/30/23,10:00,A3,10.3,10,3,NRV-NEW,NRV118,666,2,5,drought,drought.3,56.6,52.76,51.21,0.08,49.36,1.85
8/30/23,10:00,A4,17.1,17,1,NRV-NEW,NRV122,666,3,5,drought,drought.3,53.28,49.67,47.93,0.04,49.36,-1.43
8/30/23,10:00,A5,17.2,17,2,NRV-NEW,NRV122,666,3,5,drought,drought.3,53.28,49.41,46.94,0.1,49.36,-2.42
8/30/23,10:00,A6,17.3,17,3,NRV-NEW,NRV122,666,3,5,drought,drought.3,52,49.67,47.2,0.11,49.36,-2.16
9/21/23,12:30,B1,19.1,19,1,NRV-NEW,NRV123,666,3,7,postdrought,postdrought,53.74,48.58,47.4,0.04,38.99,8.41
9/21/23,12:30,B2,19.2,19,2,NRV-NEW,NRV123,666,3,7,postdrought,postdrought,51.42,48.84,47.61,0.04,38.99,8.62
9/21/23,12:30,B3,19.3,19,3,NRV-NEW,NRV123,666,3,7,postdrought,postdrought,53.74,48.58,47.19,0.03,38.99,8.2
9/21/23,12:30,B4,20.1,20,1,NRV-NEW,NRV123,666,7,7,postdrought,postdrought,49.88,48.06,47.35,0.06,38.99,8.36
9/21/23,12:30,B5,20.2,20,2,NRV-NEW,NRV123,666,7,7,postdrought,postdrought,52.19,48.84,47.43,0.05,38.99,8.44
9/21/23,12:30,B6,20.3,20,3,NRV-NEW,NRV123,666,7,7,postdrought,postdrought,51.42,49.37,48.45,0.07,38.99,9.46
9/21/23,12:30,C4,7.1,7,1,NRV-NEW,NRV105,666,9,7,postdrought,postdrought,50.91,47.8,46.18,0.06,38.99,7.19
9/21/23,12:30,C5,7.2,7,2,NRV-NEW,NRV105,666,9,7,postdrought,postdrought,55.04,50.14,48.49,0.03,38.99,9.5
9/21/23,12:30,C6,7.3,7,3,NRV-NEW,NRV105,666,9,7,postdrought,postdrought,50.39,47.27,45.38,0.07,38.99,6.39
9/21/23,12:30,E4,17.1,17,1,NRV-NEW,NRV122,666,3,7,postdrought,postdrought,51.42,48.58,46.91,0.05,38.99,7.92
9/21/23,12:30,E5,17.2,17,2,NRV-NEW,NRV122,666,3,7,postdrought,postdrought,52.45,49.37,47.45,0.05,38.99,8.46
9/21/23,12:30,E6,17.3,17,3,NRV-NEW,NRV122,666,3,7,postdrought,postdrought,50.91,48.32,46.14,0.06,38.99,7.15
9/21/23,12:30,H4,10.1,10,1,NRV-NEW,NRV118,666,2,7,postdrought,postdrought,51.67,49.37,48.22,0.04,38.99,9.23
9/21/23,12:30,H5,10.2,10,2,NRV-NEW,NRV118,666,2,7,postdrought,postdrought,51.93,49.1,48.19,0.06,38.99,9.2
9/21/23,12:30,H6,10.3,10,3,NRV-NEW,NRV118,666,2,7,postdrought,postdrought,55.04,49.63,48.11,0.04,38.99,9.12
9/22/23,10:45,B4,8.1,8,1,NRV-NEW,NRV105,666,10,7,postdrought,postdrought,52.15,47.24,45.32,0.08,38.99,6.33
9/22/23,10:45,B5,8.2,8,2,NRV-NEW,NRV105,666,10,7,postdrought,postdrought,52.66,48.8,46.62,0.08,38.99,7.63
9/22/23,10:45,B6,8.3,8,3,NRV-NEW,NRV105,666,10,7,postdrought,postdrought,52.41,47.76,45.81,0.1,38.99,6.82
9/22/23,10:45,D1,16.1,16,1,NRV-NEW,NRV122,666,1,7,postdrought,postdrought,52.41,49.83,48.16,0.04,38.99,9.17
9/22/23,10:45,D2,16.2,16,2,NRV-NEW,NRV122,666,1,7,postdrought,postdrought,52.66,50.34,48.36,0.06,38.99,9.37
9/22/23,10:45,D3,16.3,16,3,NRV-NEW,NRV122,666,1,7,postdrought,postdrought,54.21,50.61,48.99,0.05,38.99,10
9/22/23,10:45,G4,12.1,12,1,NRV-NEW,NRV118,666,5,7,postdrought,postdrought,50.61,48.02,45.83,0.06,38.99,6.84
9/22/23,10:45,G5,12.2,12,2,NRV-NEW,NRV118,666,5,7,postdrought,postdrought,52.91,50.34,49.18,0.03,38.99,10.19
9/22/23,10:45,G6,12.3,12,3,NRV-NEW,NRV118,666,5,7,postdrought,postdrought,52.15,49.32,47.34,0.09,38.99,8.35
9/22/23,12:40,D1,2.1,2,1,NRV-NEW,NRV101,666,11,7,postdrought,postdrought,52.4,49.84,47.94,0.06,38.99,8.95
9/22/23,12:40,D2,2.2,2,2,NRV-NEW,NRV101,666,11,7,postdrought,postdrought,51.37,48.8,46.85,0.07,38.99,7.86
9/22/23,12:40,D3,2.3,2,3,NRV-NEW,NRV101,666,11,7,postdrought,postdrought,52.15,49.84,48.16,0.07,38.99,9.17
9/22/23,12:40,E1,3.1,3,1,NRV-NEW,NRV101,666,14,7,postdrought,postdrought,52.4,49.31,47.59,0.05,38.99,8.6
9/22/23,12:40,E2,3.2,3,2,NRV-NEW,NRV101,666,14,7,postdrought,postdrought,52.66,49.31,47.48,0.11,38.99,8.49
9/22/23,12:40,E3,3.3,3,3,NRV-NEW,NRV101,666,14,7,postdrought,postdrought,53.72,49.57,47.59,0.05,38.99,8.6
9/22/23,12:40,E4,18.1,18,1,NRV-NEW,NRV122,666,5,7,postdrought,postdrought,52.4,48.8,47.68,0.04,38.99,8.69
9/22/23,12:40,E5,18.2,18,2,NRV-NEW,NRV122,666,5,7,postdrought,postdrought,52.93,50.61,49.15,0.05,38.99,10.16
9/22/23,12:40,E6,18.3,18,3,NRV-NEW,NRV122,666,5,7,postdrought,postdrought,52.15,49.31,48.15,0.05,38.99,9.16
9/22/23,12:40,F1,22.1,22,1,NRV-NEW,NRV123,666,8,7,postdrought,postdrought,53.46,49.31,47.65,0.05,38.99,8.66
9/22/23,12:40,F2,22.2,22,2,NRV-NEW,NRV123,666,8,7,postdrought,postdrought,51.12,48.54,47.37,0.06,38.99,8.38
9/22/23,12:40,F3,22.3,22,3,NRV-NEW,NRV123,666,8,7,postdrought,postdrought,53.2,49.84,48.43,0.06,38.99,9.44
9/22/23,12:40,G4,1.1,1,1,NRV-NEW,NRV101,666,4,7,postdrought,postdrought,52.4,49.06,47.09,0.1,38.99,8.1
9/22/23,12:40,G5,1.2,1,2,NRV-NEW,NRV101,666,4,7,postdrought,postdrought,52.4,49.84,47.12,0.1,38.99,8.13
9/22/23,12:40,G6,1.3,1,3,NRV-NEW,NRV101,666,4,7,postdrought,postdrought,55.24,49.57,47.6,0.06,38.99,8.61
9/22/23,14:55,B4,11.1,11,1,NRV-NEW,NRV118,666,3,7,postdrought,postdrought,50.36,47.26,46.36,0.06,38.99,7.37
9/22/23,14:55,B5,11.2,11,2,NRV-NEW,NRV118,666,3,7,postdrought,postdrought,54.48,48.55,47.09,0.05,38.99,8.1
9/22/23,14:55,B6,11.3,11,3,NRV-NEW,NRV118,666,3,7,postdrought,postdrought,52.17,48.55,46.69,0.05,38.99,7.7
9/22/23,14:55,G1,9.1,9,1,NRV-NEW,NRV105,666,15,7,postdrought,postdrought,54.48,50.89,48.71,0.06,38.99,9.72
9/22/23,14:55,G2,9.2,9,2,NRV-NEW,NRV105,666,15,7,postdrought,postdrought,52.68,50.62,48.9,0.05,38.99,9.91
9/22/23,14:55,G3,9.3,9,3,NRV-NEW,NRV105,666,15,7,postdrought,postdrought,49.84,47.26,46.04,0.06,38.99,7.05
7/17/23,11:00,C1,38.1,38,1,TSZ-SAN,TSZ8,1212,4,1,predrought,predrought,52.54,50.55,49.21,0.08,46.99,2.22
7/17/23,11:00,C2,38.2,38,2,TSZ-SAN,TSZ8,1212,4,1,predrought,predrought,53.07,50.55,48.69,0.1,46.99,1.7
7/17/23,11:00,C3,38.3,38,3,TSZ-SAN,TSZ8,1212,4,1,predrought,predrought,53.33,50.81,49.74,0.08,46.99,2.75
7/17/23,14:00,E1,29.1,29,1,TSZ-SAN,TSZ3,1212,2,1,predrought,predrought,52.09,49.8,48.58,0.08,46.99,1.59
7/17/23,14:00,E2,29.2,29,2,TSZ-SAN,TSZ3,1212,2,1,predrought,predrought,52.85,50.05,48.92,0.07,46.99,1.93
7/17/23,14:00,E3,29.3,29,3,TSZ-SAN,TSZ3,1212,2,1,predrought,predrought,52.34,49.8,48.38,0.1,46.99,1.39
7/17/23,14:00,F1,32.1,32,1,TSZ-SAN,TSZ4,1212,1,1,predrought,predrought,53.35,51.32,49.88,0.08,46.99,2.89
7/17/23,14:00,F2,32.2,32,2,TSZ-SAN,TSZ4,1212,1,1,predrought,predrought,53.88,51.07,49.66,0.08,46.99,2.67
7/17/23,14:00,F3,32.3,32,3,TSZ-SAN,TSZ4,1212,1,1,predrought,predrought,53.88,50.57,48.62,0.12,46.99,1.63
7/17/23,14:00,H1,83.1,83,1,TSZ-SAN,TSZ7,1212,2,1,predrought,predrought,53.35,50.05,44.82,0.21,46.99,-2.17
7/17/23,14:00,H2,83.2,83,2,TSZ-SAN,TSZ7,1212,2,1,predrought,predrought,53.61,50.57,48.39,0.22,46.99,1.4
7/17/23,14:00,H3,83.3,83,3,TSZ-SAN,TSZ7,1212,2,1,predrought,predrought,54.13,51.32,45.83,0.19,46.99,-1.16
7/18/23,8:00,A4,21.1,21,1,TSZ-SAN,TSZ10,1212,1,1,predrought,predrought,54.08,51.81,49.91,0.1,46.99,2.92
7/18/23,8:00,A5,21.2,21,2,TSZ-SAN,TSZ10,1212,1,1,predrought,predrought,54.6,51.55,49.94,0.08,46.99,2.95
7/18/23,8:00,A6,21.3,21,3,TSZ-SAN,TSZ10,1212,1,1,predrought,predrought,54.33,51.81,49.7,0.08,46.99,2.71
7/18/23,8:00,B4,30.1,30,1,TSZ-SAN,TSZ3,1212,3,1,predrought,predrought,53.08,49.28,47.59,0.09,46.99,0.6
7/18/23,8:00,B5,30.2,30,2,TSZ-SAN,TSZ3,1212,3,1,predrought,predrought,52.57,50.04,48.42,0.1,46.99,1.43
7/18/23,8:00,B6,30.3,30,3,TSZ-SAN,TSZ3,1212,3,1,predrought,predrought,52.82,49.03,46.67,0.07,46.99,-0.32
7/18/23,8:00,C1,34.1,34,1,TSZ-SAN,TSZ4,1212,4,1,predrought,predrought,53.33,50.55,48.97,0.08,46.99,1.98
7/18/23,8:00,C2,34.2,34,2,TSZ-SAN,TSZ4,1212,4,1,predrought,predrought,54.08,50.81,48.9,0.08,46.99,1.91
7/18/23,8:00,C3,34.3,34,3,TSZ-SAN,TSZ4,1212,4,1,predrought,predrought,52.32,49.28,46.4,0.12,46.99,-0.59
7/18/23,8:00,C4,36.1,36,1,TSZ-SAN,TSZ7,1212,3,1,predrought,predrought,53.33,51.06,49.23,0.09,46.99,2.24
7/18/23,8:00,C5,36.2,36,2,TSZ-SAN,TSZ7,1212,3,1,predrought,predrought,56.11,51.06,49.6,0.08,46.99,2.61
7/18/23,8:00,C6,36.3,36,3,TSZ-SAN,TSZ7,1212,3,1,predrought,predrought,52.82,49.03,44.26,0.19,46.99,-2.73
7/18/23,8:00,D1,37.1,37,1,TSZ-SAN,TSZ7,1212,4,1,predrought,predrought,53.08,48.01,45.88,0.2,46.99,-1.11
7/18/23,8:00,D2,37.2,37,2,TSZ-SAN,TSZ7,1212,4,1,predrought,predrought,53.08,50.3,48.89,0.05,46.99,1.9
7/18/23,8:00,D3,37.3,37,3,TSZ-SAN,TSZ7,1212,4,1,predrought,predrought,52.32,47,41.79,0.28,46.99,-5.2
7/18/23,10:00,B1,31.1,31,1,TSZ-SAN,TSZ3,1212,5,1,predrought,predrought,52.07,48.01,45.72,0.25,46.99,-1.27
7/18/23,10:00,B2,31.2,31,2,TSZ-SAN,TSZ3,1212,5,1,predrought,predrought,51.06,48.26,46.69,0.1,46.99,-0.3
7/18/23,10:00,B3,31.3,31,3,TSZ-SAN,TSZ3,1212,5,1,predrought,predrought,51.56,48.26,46.64,0.09,46.99,-0.35
7/18/23,10:00,B4,40.1,40,1,TSZ-SAN,TSZ8,1212,3,1,predrought,predrought,52.83,48.01,44.09,0.16,46.99,-2.9
7/18/23,10:00,B5,40.2,40,2,TSZ-SAN,TSZ8,1212,3,1,predrought,predrought,53.61,50.81,49.41,0.04,46.99,2.42
7/18/23,10:00,B6,40.3,40,3,TSZ-SAN,TSZ8,1212,3,1,predrought,predrought,53.86,51.06,49.45,0.07,46.99,2.46
7/18/23,12:00,B4,23.1,23,1,TSZ-SAN,TSZ1,1212,3,1,predrought,predrought,54.1,49.79,48.18,0.08,46.99,1.19
7/18/23,12:00,B5,23.2,23,2,TSZ-SAN,TSZ1,1212,3,1,predrought,predrought,53.84,50.55,49.46,0.08,46.99,2.47
7/18/23,12:00,B6,23.3,23,3,TSZ-SAN,TSZ1,1212,3,1,predrought,predrought,54.61,50.81,47.99,0.16,46.99,1
7/18/23,12:00,C1,33.1,33,1,TSZ-SAN,TSZ4,1212,2,1,predrought,predrought,53.84,51.07,49.9,0.08,46.99,2.91
7/18/23,12:00,C2,33.2,33,2,TSZ-SAN,TSZ4,1212,2,1,predrought,predrought,53.07,50.29,49.19,0.07,46.99,2.2
7/18/23,12:00,C3,33.3,33,3,TSZ-SAN,TSZ4,1212,2,1,predrought,predrought,53.07,50.29,49.08,0.08,46.99,2.09
7/18/23,12:00,C4,41.1,41,1,TSZ-SAN,TSZ10,1212,3,1,predrought,predrought,53.33,50.55,48.66,0.05,46.99,1.67
7/18/23,12:00,C5,41.2,41,2,TSZ-SAN,TSZ10,1212,3,1,predrought,predrought,53.58,51.07,49.62,0.05,46.99,2.63
7/18/23,12:00,C6,41.3,41,3,TSZ-SAN,TSZ10,1212,3,1,predrought,predrought,53.58,50.29,48.96,0.06,46.99,1.97
7/18/23,12:00,D1,42.1,42,1,TSZ-SAN,TSZ10,1212,4,1,predrought,predrought,52.33,49.54,47.93,0.08,46.99,0.94
7/18/23,12:00,D2,42.2,42,2,TSZ-SAN,TSZ10,1212,4,1,predrought,predrought,53.07,50.55,49.22,0.03,46.99,2.23
7/18/23,12:00,D3,42.3,42,3,TSZ-SAN,TSZ10,1212,4,1,predrought,predrought,53.58,50.55,49.1,0.06,46.99,2.11
8/28/23,18:00,B6,42.1,42,1,TSZ-SAN,TSZ10,1212,4,5,drought,drought.3,52.32,50.79,49.22,0.11,50.88,-1.66
8/28/23,18:00,C1,42.2,42,2,TSZ-SAN,TSZ10,1212,4,5,drought,drought.3,51.3,49.03,47.44,0.1,50.88,-3.44
8/28/23,18:00,C2,42.3,42,3,TSZ-SAN,TSZ10,1212,4,5,drought,drought.3,51.05,49.03,47.89,0.07,50.88,-2.99
8/28/23,18:00,C3,31.1,31,1,TSZ-SAN,TSZ3,1212,5,5,drought,drought.3,51.81,49.78,47.69,0.09,50.88,-3.19
8/28/23,18:00,C4,31.2,31,2,TSZ-SAN,TSZ3,1212,5,5,drought,drought.3,51.3,49.03,47.35,0.11,50.88,-3.53
8/29/23,9:45,B4,29.1,29,1,TSZ-SAN,TSZ3,1212,2,5,drought,drought.3,52.4,50.32,48.1,0.11,50.88,-2.78
8/29/23,9:45,B5,29.2,29,2,TSZ-SAN,TSZ3,1212,2,5,drought,drought.3,53.97,51.11,48.67,0.07,50.88,-2.21
8/29/23,9:45,E6,32.1,32,1,TSZ-SAN,TSZ4,1212,1,5,drought,drought.3,53.7,51.6,49.75,0.09,50.88,-1.13
8/29/23,9:45,F1,32.2,32,2,TSZ-SAN,TSZ4,1212,1,5,drought,drought.3,53.97,51.88,49.71,0.06,50.88,-1.17
8/29/23,9:45,F2,32.3,32,3,TSZ-SAN,TSZ4,1212,1,5,drought,drought.3,53.97,51.6,49.69,0.09,50.88,-1.19
8/29/23,9:45,G3,83.1,83,1,TSZ-SAN,TSZ7,1212,2,5,drought,drought.3,52.65,50.85,48.65,0.16,50.88,-2.23
8/29/23,9:45,G4,83.2,83,2,TSZ-SAN,TSZ7,1212,2,5,drought,drought.3,53.7,51.6,48.75,0.14,50.88,-2.13
8/29/23,11:30,A1,38.1,38,1,TSZ-SAN,TSZ8,1212,4,5,drought,drought.3,54.2,52.38,50.78,0.08,50.88,-0.1
8/29/23,11:30,A2,38.2,38,2,TSZ-SAN,TSZ8,1212,4,5,drought,drought.3,53.68,51.87,49.97,0.09,50.88,-0.91
8/29/23,11:30,A3,38.3,38,3,TSZ-SAN,TSZ8,1212,4,5,drought,drought.3,53.41,51.87,50.28,0.07,50.88,-0.6
8/29/23,11:30,C6,40.1,40,1,TSZ-SAN,TSZ8,1212,3,5,drought,drought.3,54.71,52.64,50.47,0.07,50.88,-0.41
8/29/23,11:30,D1,40.2,40,2,TSZ-SAN,TSZ8,1212,3,5,drought,drought.3,53.68,51.11,48.5,0.09,50.88,-2.38
8/29/23,11:30,D2,40.3,40,3,TSZ-SAN,TSZ8,1212,3,5,drought,drought.3,55.48,51.36,49.8,0.06,50.88,-1.08
8/29/23,11:30,D6,36.1,36,1,TSZ-SAN,TSZ7,1212,3,5,drought,drought.3,53.68,52.38,50.81,0.09,50.88,-0.07
8/29/23,11:30,E1,36.2,36,2,TSZ-SAN,TSZ7,1212,3,5,drought,drought.3,53.41,51.62,50.08,0.08,50.88,-0.8
8/29/23,11:30,E2,36.3,36,3,TSZ-SAN,TSZ7,1212,3,5,drought,drought.3,55.73,51.87,50.2,0.07,50.88,-0.68
8/29/23,11:30,G2,30.1,30,1,TSZ-SAN,TSZ3,1212,3,5,drought,drought.3,60.25,59.48,54.06,0.3,50.88,3.18
8/29/23,11:30,G3,30.2,30,2,TSZ-SAN,TSZ3,1212,3,5,drought,drought.3,60.25,53.15,47.09,0.31,50.88,-3.79
8/29/23,11:30,G4,30.3,30,3,TSZ-SAN,TSZ3,1212,3,5,drought,drought.3,60.25,51.11,48.9,0.07,50.88,-1.98
8/29/23,11:30,H5,34.1,34,1,TSZ-SAN,TSZ4,1212,4,5,drought,drought.3,59.48,53.41,51.01,0.09,50.88,0.13
8/29/23,11:30,H6,34.2,34,2,TSZ-SAN,TSZ4,1212,4,5,drought,drought.3,59.48,58.01,53.9,0.28,50.88,3.02
8/29/23,13:00,A1,34.3,34,3,TSZ-SAN,TSZ4,1212,4,5,drought,drought.3,52.95,50.09,48.44,0.05,50.88,-2.44
8/29/23,13:00,A5,21.1,21,1,TSZ-SAN,TSZ10,1212,1,5,drought,drought.3,53.45,51.63,49.99,0.07,50.88,-0.89
8/29/23,13:00,A6,21.2,21,2,TSZ-SAN,TSZ10,1212,1,5,drought,drought.3,53.2,50.87,48.87,0.09,50.88,-2.01
8/29/23,13:00,B1,21.3,21,3,TSZ-SAN,TSZ10,1212,1,5,drought,drought.3,55.01,52.15,49.96,0.09,50.88,-0.92
8/29/23,13:00,B2,37.1,37,1,TSZ-SAN,TSZ7,1212,4,5,drought,drought.3,53.71,52.42,50.87,0.08,50.88,-0.01
8/29/23,13:00,B3,37.2,37,2,TSZ-SAN,TSZ7,1212,4,5,drought,drought.3,54.49,52.68,51.74,0.1,50.88,0.86
8/29/23,13:00,B4,37.3,37,3,TSZ-SAN,TSZ7,1212,4,5,drought,drought.3,55.25,52.42,50.85,0.1,50.88,-0.03
8/30/23,10:00,B1,33.1,33,1,TSZ-SAN,TSZ4,1212,2,5,drought,drought.3,54.57,52,49.24,0.08,50.88,-1.64
8/30/23,10:00,B2,33.2,33,2,TSZ-SAN,TSZ4,1212,2,5,drought,drought.3,54.32,51.47,48.37,0.14,50.88,-2.51
8/30/23,10:00,B3,33.3,33,3,TSZ-SAN,TSZ4,1212,2,5,drought,drought.3,55.88,52.25,50.07,0.1,50.88,-0.81
8/30/23,10:00,B4,39.1,39,1,TSZ-SAN,TSZ8,1212,5,5,drought,drought.3,55.63,53.28,49.81,0.14,50.88,-1.07
8/30/23,10:00,B5,39.2,39,2,TSZ-SAN,TSZ8,1212,5,5,drought,drought.3,55.63,50.43,48.6,0.13,50.88,-2.28
8/30/23,10:00,B6,39.3,39,3,TSZ-SAN,TSZ8,1212,5,5,drought,drought.3,54.84,52.25,50.29,0.1,50.88,-0.59
8/30/23,10:00,C1,41.1,41,1,TSZ-SAN,TSZ10,1212,3,5,drought,drought.3,54.08,52.25,50.26,0.08,50.88,-0.62
8/30/23,10:00,C2,41.2,41,2,TSZ-SAN,TSZ10,1212,3,5,drought,drought.3,53.54,50.69,47.71,0.08,50.88,-3.17
8/30/23,10:00,C3,41.3,41,3,TSZ-SAN,TSZ10,1212,3,5,drought,drought.3,53.54,49.67,47.72,0.09,50.88,-3.16
9/21/23,12:30,D1,42.1,42,1,TSZ-SAN,TSZ10,1212,4,7,postdrought,postdrought,49.1,46.25,44.68,0.14,38.97,5.71
9/21/23,12:30,D2,42.2,42,2,TSZ-SAN,TSZ10,1212,4,7,postdrought,postdrought,50.91,48.32,46.63,0.05,38.97,7.66
9/21/23,12:30,D3,42.3,42,3,TSZ-SAN,TSZ10,1212,4,7,postdrought,postdrought,50.39,47.27,45.81,0.06,38.97,6.84
9/21/23,12:30,D4,33.1,33,1,TSZ-SAN,TSZ4,1212,2,7,postdrought,postdrought,51.93,49.37,48.01,0.04,38.97,9.04
9/21/23,12:30,D5,33.2,33,2,TSZ-SAN,TSZ4,1212,2,7,postdrought,postdrought,51.67,49.1,48.14,0.06,38.97,9.17
9/21/23,12:30,F1,41.1,41,1,TSZ-SAN,TSZ10,1212,3,7,postdrought,postdrought,51.93,48.32,46.69,0.1,38.97,7.72
9/21/23,12:30,F2,41.2,41,2,TSZ-SAN,TSZ10,1212,3,7,postdrought,postdrought,51.93,49.1,46.96,0.05,38.97,7.99
9/21/23,12:30,F3,41.3,41,3,TSZ-SAN,TSZ10,1212,3,7,postdrought,postdrought,51.42,48.32,46.48,0.05,38.97,7.51
9/21/23,12:30,H1,39.1,39,1,TSZ-SAN,TSZ8,1212,5,7,postdrought,postdrought,53.48,50.39,48.4,0.09,38.97,9.43
9/21/23,12:30,H2,39.2,39,2,TSZ-SAN,TSZ8,1212,5,7,postdrought,postdrought,50.65,48.32,46.75,0.05,38.97,7.78
9/21/23,12:30,H3,39.3,39,3,TSZ-SAN,TSZ8,1212,5,7,postdrought,postdrought,54.27,49.88,48.39,0.05,38.97,9.42
9/22/23,10:45,A1,33.4,33,4,TSZ-SAN,TSZ4,1212,2,7,postdrought,postdrought,54.47,52.15,49.99,0.08,38.97,11.02
9/22/23,10:45,F4,38.1,38,1,TSZ-SAN,TSZ8,1212,4,7,postdrought,postdrought,52.15,49.57,47.92,0.07,38.97,8.95
9/22/23,10:45,F5,38.2,38,2,TSZ-SAN,TSZ8,1212,4,7,postdrought,postdrought,51.89,49.57,47.62,0.07,38.97,8.65
9/22/23,10:45,F6,38.3,38,3,TSZ-SAN,TSZ8,1212,4,7,postdrought,postdrought,53.16,50.88,48.68,0.09,38.97,9.71
9/22/23,10:45,H1,83.1,83,1,TSZ-SAN,TSZ7,1212,2,7,postdrought,postdrought,56.2,50.34,48.66,0.06,38.97,9.69
9/22/23,10:45,H3,83.3,83,3,TSZ-SAN,TSZ7,1212,2,7,postdrought,postdrought,53.42,50.61,48.71,0.06,38.97,9.74
9/22/23,10:45,H4,29.1,29,1,TSZ-SAN,TSZ3,1212,2,7,postdrought,postdrought,54.73,51.13,48.96,0.06,38.97,9.99
9/22/23,10:45,H5,29.2,29,2,TSZ-SAN,TSZ3,1212,2,7,postdrought,postdrought,52.66,50.61,49,0.04,38.97,10.03
9/22/23,10:45,H6,29.3,29,3,TSZ-SAN,TSZ3,1212,2,7,postdrought,postdrought,54.21,51.13,48.91,0.1,38.97,9.94
9/22/23,12:40,C1,32.1,32,1,TSZ-SAN,TSZ4,1212,1,7,postdrought,postdrought,53.72,50.35,48.63,0.05,38.97,9.66
9/22/23,12:40,C2,32.2,32,2,TSZ-SAN,TSZ4,1212,1,7,postdrought,postdrought,52.15,49.31,47.61,0.05,38.97,8.64
9/22/23,12:40,C3,32.3,32,3,TSZ-SAN,TSZ4,1212,1,7,postdrought,postdrought,53.72,50.1,47.92,0.07,38.97,8.95
9/22/23,12:40,F4,21.1,21,1,TSZ-SAN,TSZ10,1212,1,7,postdrought,postdrought,52.93,50.35,48.44,0.08,38.97,9.47
9/22/23,12:40,F5,21.2,21,2,TSZ-SAN,TSZ10,1212,1,7,postdrought,postdrought,52.93,50.1,48.4,0.06,38.97,9.43
9/22/23,12:40,F6,21.3,21,3,TSZ-SAN,TSZ10,1212,1,7,postdrought,postdrought,53.98,50.35,48.39,0.05,38.97,9.42
9/22/23,12:40,G1,37.1,37,1,TSZ-SAN,TSZ7,1212,4,7,postdrought,postdrought,55.24,50.35,48.18,0.05,38.97,9.21
9/22/23,12:40,G2,37.2,37,2,TSZ-SAN,TSZ7,1212,4,7,postdrought,postdrought,52.15,49.57,47.39,0.09,38.97,8.42
9/22/23,12:40,G3,37.3,37,3,TSZ-SAN,TSZ7,1212,4,7,postdrought,postdrought,52.4,49.57,47.68,0.07,38.97,8.71
9/22/23,12:40,H1,34.1,34,1,TSZ-SAN,TSZ4,1212,4,7,postdrought,postdrought,54.23,50.87,49.22,0.06,38.97,10.25
9/22/23,12:40,H2,34.2,34,2,TSZ-SAN,TSZ4,1212,4,7,postdrought,postdrought,53.72,49.57,47.42,0.06,38.97,8.45
9/22/23,12:40,H3,34.3,34,3,TSZ-SAN,TSZ4,1212,4,7,postdrought,postdrought,52.4,49.84,47.65,0.08,38.97,8.68
9/22/23,12:40,H4,30.1,30,1,TSZ-SAN,TSZ3,1212,3,7,postdrought,postdrought,52.93,50.1,48.74,0.04,38.97,9.77
9/22/23,12:40,H5,30.2,30,2,TSZ-SAN,TSZ3,1212,3,7,postdrought,postdrought,51.62,48.54,46.93,0.05,38.97,7.96
9/22/23,12:40,H6,30.3,30,3,TSZ-SAN,TSZ3,1212,3,7,postdrought,postdrought,53.72,50.87,49.67,0.05,38.97,10.7
9/22/23,14:55,A2,36.2,36,2,TSZ-SAN,TSZ7,1212,3,7,postdrought,postdrought,53.19,49.84,48.46,0.09,38.97,9.49
9/22/23,14:55,A3,36.3,36,3,TSZ-SAN,TSZ7,1212,3,7,postdrought,postdrought,51.64,49.58,48.37,0.05,38.97,9.4
9/22/23,14:55,D1,31.1,31,1,TSZ-SAN,TSZ3,1212,5,7,postdrought,postdrought,52.93,50.36,48.66,0.05,38.97,9.69
9/22/23,14:55,D2,31.2,31,2,TSZ-SAN,TSZ3,1212,5,7,postdrought,postdrought,51.64,49.06,47.43,0.06,38.97,8.46
9/22/23,14:55,D3,31.3,31,3,TSZ-SAN,TSZ3,1212,5,7,postdrought,postdrought,53.45,49.06,47.45,0.05,38.97,8.48
9/22/23,14:55,E4,40.1,40,1,TSZ-SAN,TSZ8,1212,3,7,postdrought,postdrought,52.42,50.1,48.5,0.06,38.97,9.53
9/22/23,14:55,E5,40.2,40,2,TSZ-SAN,TSZ8,1212,3,7,postdrought,postdrought,53.19,50.1,48.49,0.05,38.97,9.52
9/22/23,14:55,E6,40.3,40,3,TSZ-SAN,TSZ8,1212,3,7,postdrought,postdrought,51.64,49.84,48.16,0.06,38.97,9.19